Workbook
Name _Toc363478069: 'Gotcha Items'!$A$10
Name _Toc363478070: 'Gotcha Items'!$A$20
Name _Toc363478071: 'Gotcha Items'!$A$32
Name Milestone1: 'Phase Breakdown'!$B$6:$I$24
Name Milestone10: 'Phase Breakdown'!$K$95:$R$122
Name Milestone2: 'Phase Breakdown'!$K$6:$R$24
Name Milestone3: 'Phase Breakdown'!$B$26:$I$64
Name Milestone4: 'Phase Breakdown'!$K$26:$R$44
Name Milestone5: 'Phase Breakdown'!$B$46:$I$64
Name Milestone6: 'Phase Breakdown'!$K$46:$R$64
Name Milestone7: 'Phase Breakdown'!$B$66:$I$93
Name Milestone8: 'Phase Breakdown'!$K$66:$R$93
Name Milestone9: 'Phase Breakdown'!$B$95:$I$122

Sheet Summary
E1: General Services Delivery Worksheet | M1: v6.0
B4: Reserve % | E4: Total Project Hours | F4: =SUM(F7:G14) | I4: Review the customer, project and assigned team. Phase tabs contain saved scope and reviewed phase hours. Task hours, engineering roles, overtime, reserve, travel and billing rates require explicit review; blank values are unknown. Prices and SKUs are not inferred from the example workbook. | M4: Current Rate Table | V4: BA/Dev/Arch | X4: PMgr
B5: Proj Oversight Hours | V5: SME | X5: PCoord
B6: Proj Oversight Role | M6: =V4 | V6: Consulting Eng | X6: PSched
B7: Expenses | E7: Total Engineering Hours | F7: =SUM('Phase Breakdown'!C13:D13,'Phase Breakdown'!L13:M13,'Phase Breakdown'!C33:D33,'Phase Breakdown'!L33:M33,'Phase Breakdown'!C53:D53,'Phase Breakdown'!C21) | M7: =V5 | V7: Associate Eng | X7: Travel
B8: Travel Expenses | M8: =V6
B9: Travel Hours | E9: Engineering Reserve Hours | F9: =SUM('Phase Breakdown'!E13,'Phase Breakdown'!N13,'Phase Breakdown'!E33,'Phase Breakdown'!N33,'Phase Breakdown'!E53) | M9: =V7
B10: Work Location | M10: =X4 | V10: FP
B11: Client Name | E11: Total Project Oversight Hours | M11: =X5 | V11: T&M
B12: Project Name | M12: =X6
B13: Contract Type | E13: Project Oversight Reserve | M13: =X7
B14: AE | M14: Overtime is 150% rate
B15: SA | E15: Project List Price | V15: OT rates
B16: SAA | V16: BA/Dev/Arch
B17: ConnectWise SELL Quote # | V17: SME
B18: US Signal MS Client | V18: Consulting Eng
B19: Attached to Hardware | E19: TRAVEL INPUT | V19: Associate Eng
B20: Attached to MRR Deal | E20: Airfare
B21: MRR Deal Quote # | E21: Lodging
E22: Per Diem | V22: Remote Only
B23: Project Context: | E23: Car rental | V23: On Location Only
E24: Travel Time | V24: Combo
E25: Mileage

Sheet Phase Breakdown
B2: Phase Breakdown
B6: Plan - LABOR | K6: Design - LABOR | Z6: Total Hours
B7: Resource | C7: Regular | D7: OT | E7: Rsv Eng | H7: Labor List Price | K7: Resource | L7: Regular | M7: OT | N7: Rsv Eng | Q7: Labor List Price
Z9: Total Hours - Reserve
B12: Travel Time | K12: Travel Time
B13: TOTAL LABOR | K13: TOTAL LABOR
B14: Plan - TRAVEL | K14: Design - TRAVEL
B15: Resource | C15: Days Onsite | D15: # of Flights | E15: Rental Car | F15: # Miles | G15: Travel Hours | H15: Travel List Price | K15: Resource | L15: Days Onsite | M15: # of Flights | N15: Rental Car | O15: # Miles | P15: Travel Hours | Q15: Travel List Price
B20: TOTAL TRAVEL | K20: TOTAL TRAVEL
B21: Meetings | F21: Plan - GRAND TOTAL | O21: Design - GRAND TOTAL
B26: Implement - LABOR | K26: Validate - LABOR
B27: Resource | C27: Regular | D27: OT | E27: Rsv Eng | H27: Labor List Price | K27: Resource | L27: Regular | M27: OT | N27: Rsv Eng | Q27: Labor List Price
B32: Travel Time | K32: Travel Time
B33: TOTAL LABOR | K33: TOTAL LABOR
B34: Implement - TRAVEL | K34: Validate - TRAVEL
B35: Resource | C35: Days Onsite | D35: # of Flights | E35: Rental Car | F35: # Miles | G35: Travel Hours | H35: Travel List Price | K35: Resource | L35: Days Onsite | M35: # of Flights | N35: Rental Car | O35: # Miles | P35: Travel Hours | Q35: Travel List Price
B40: TOTAL TRAVEL | K40: TOTAL TRAVEL
F41: Implement - GRAND TOTAL | O41: Validate - GRAND TOTAL
B46: Release - LABOR
B47: Resource | C47: Regular | D47: OT | E47: Rsv Eng | H47: Labor List Price
B52: Travel Time
B53: TOTAL LABOR
B54: Release - TRAVEL
B55: Resource | C55: Days Onsite | D55: # of Flights | E55: Rental Car | F55: # Miles | G55: Travel Hours | H55: Travel List Price
B60: TOTAL TRAVEL
F61: Release - GRAND TOTAL

Sheet Totals Sheet
A1: Project Totals
B3: RESOURCE TOTALS
B4: Resource Role | C4: Reg Hours (Incl Reserve) | D4: Overtime Hours | E4: Regular TOTALS | F4: Overtime TOTALS | G4: Overall TOTALS
B9: Travel Hours | D9: N/A | F9: N/A
B10: Meeting Hours | F10: N/A
B11: TOTALS
B14: PHASE BREAKOUT TOTALS | C14: Hours | D14: OT Hours | E14: Labor and Travel
B15: PLAN
B16: DESIGN
B17: IMPLEMENT
B18: VALIDATE
B19: RELEASE
B20: TOTAL PROJECT LABOR
B23: INVOICING BREAKOUT TOTALS | C23: Hours | D23: OT Hours | E23: Labor and Travel
B24: PLAN, DESIGN, RELEASE
B25: IMPLEMENT, VALIDATE
B26: TOTAL PROJECT LABOR
B29: OVERALL TOTALS
B30: TOTAL LABOR
B31: TRAVEL EXPENSE
B32: PROJECT OVERSIGHT
B33: MISC EXPENSES
B34: TOTAL PROJECT

Sheet SELL SKUs
A1: ConnectWise SELL SKUs
C3: Hrs | D3: Sku | E3: Description
D4: Select approved SKUs in ConnectWise SELL
E5: No SKU, rate or price is inferred from the reference workbook.

Sheet Plan
A1: Task Name | B1: Eng Hours | C1: Eng OT Hours | D1: Reserve Eng Hours | E1: Engineering Role | F1: Travel Required for Task? | G1: Notes
A101: REMOTE HOURS | B101: Eng Hours | C101: Eng OT Hours | D101: Eng Resv Hours
A102: =Summary!V4
A103: =Summary!V5
A104: =Summary!V6
A105: =Summary!V7
A106: TOTAL REMOTE HOURS
A108: ONSITE HOURS (Requiring Travel) | E108: TOTALS
A109: =Summary!V4 | E109: =SUM(B109:D109)
A110: =Summary!V5 | E110: =SUM(B110:D110)
A111: =Summary!V6 | E111: =SUM(B111:D111)
A112: =Summary!V7 | E112: =SUM(B112:D112)
A113: TOTAL ONSITE HOURS | E113: =SUM(E109:E112)
A115: TOTAL HOURS
A116: =Summary!V4
A117: =Summary!V5
A118: =Summary!V6
A119: =Summary!V7
A120: TOTAL PHASE HOURS | B120: =SUM(B116:B119) | C120: =SUM(C116:C119) | D120: =SUM(D116:D119)

Sheet Design
A1: Task Name | B1: Eng Hours | C1: Eng OT Hours | D1: Reserve Eng Hours | E1: Engineering Role | F1: Travel Required for Task? | G1: Notes
A101: REMOTE HOURS | B101: Eng Hours | C101: Eng OT Hours | D101: Eng Resv Hours
A102: =Summary!V4
A103: =Summary!V5
A104: =Summary!V6
A105: =Summary!V7
A106: TOTAL REMOTE HOURS
A108: ONSITE HOURS (Requiring Travel) | E108: TOTALS
A109: =Summary!V4 | E109: =SUM(B109:D109)
A110: =Summary!V5 | E110: =SUM(B110:D110)
A111: =Summary!V6 | E111: =SUM(B111:D111)
A112: =Summary!V7 | E112: =SUM(B112:D112)
A113: TOTAL ONSITE HOURS | E113: =SUM(E109:E112)
A115: TOTAL HOURS
A116: =Summary!V4
A117: =Summary!V5
A118: =Summary!V6
A119: =Summary!V7
A120: TOTAL PHASE HOURS | B120: =SUM(B116:B119) | C120: =SUM(C116:C119) | D120: =SUM(D116:D119)

Sheet Implement
A1: Task Name | B1: Eng Hours | C1: Eng OT Hours | D1: Reserve Eng Hours | E1: Engineering Role | F1: Travel Required for Task? | G1: Notes
A101: REMOTE HOURS | B101: Eng Hours | C101: Eng OT Hours | D101: Eng Resv Hours
A102: =Summary!V4
A103: =Summary!V5
A104: =Summary!V6
A105: =Summary!V7
A106: TOTAL REMOTE HOURS
A108: ONSITE HOURS (Requiring Travel) | E108: TOTALS
A109: =Summary!V4 | E109: =SUM(B109:D109)
A110: =Summary!V5 | E110: =SUM(B110:D110)
A111: =Summary!V6 | E111: =SUM(B111:D111)
A112: =Summary!V7 | E112: =SUM(B112:D112)
A113: TOTAL ONSITE HOURS | E113: =SUM(E109:E112)
A115: TOTAL HOURS
A116: =Summary!V4
A117: =Summary!V5
A118: =Summary!V6
A119: =Summary!V7
A120: TOTAL PHASE HOURS | B120: =SUM(B116:B119) | C120: =SUM(C116:C119) | D120: =SUM(D116:D119)

Sheet Validate
A1: Task Name | B1: Eng Hours | C1: Eng OT Hours | D1: Reserve Eng Hours | E1: Engineering Role | F1: Travel Required for Task? | G1: Notes
A101: REMOTE HOURS | B101: Eng Hours | C101: Eng OT Hours | D101: Eng Resv Hours
A102: =Summary!V4
A103: =Summary!V5
A104: =Summary!V6
A105: =Summary!V7
A106: TOTAL REMOTE HOURS
A108: ONSITE HOURS (Requiring Travel) | E108: TOTALS
A109: =Summary!V4 | E109: =SUM(B109:D109)
A110: =Summary!V5 | E110: =SUM(B110:D110)
A111: =Summary!V6 | E111: =SUM(B111:D111)
A112: =Summary!V7 | E112: =SUM(B112:D112)
A113: TOTAL ONSITE HOURS | E113: =SUM(E109:E112)
A115: TOTAL HOURS
A116: =Summary!V4
A117: =Summary!V5
A118: =Summary!V6
A119: =Summary!V7
A120: TOTAL PHASE HOURS | B120: =SUM(B116:B119) | C120: =SUM(C116:C119) | D120: =SUM(D116:D119)

Sheet Release
A1: Task Name | B1: Eng Hours | C1: Eng OT Hours | D1: Reserve Eng Hours | E1: Engineering Role | F1: Travel Required for Task? | G1: Notes
A101: REMOTE HOURS | B101: Eng Hours | C101: Eng OT Hours | D101: Eng Resv Hours
A102: =Summary!V4
A103: =Summary!V5
A104: =Summary!V6
A105: =Summary!V7
A106: TOTAL REMOTE HOURS
A108: ONSITE HOURS (Requiring Travel) | E108: TOTALS
A109: =Summary!V4 | E109: =SUM(B109:D109)
A110: =Summary!V5 | E110: =SUM(B110:D110)
A111: =Summary!V6 | E111: =SUM(B111:D111)
A112: =Summary!V7 | E112: =SUM(B112:D112)
A113: TOTAL ONSITE HOURS | E113: =SUM(E109:E112)
A115: TOTAL HOURS
A116: =Summary!V4
A117: =Summary!V5
A118: =Summary!V6
A119: =Summary!V7
A120: TOTAL PHASE HOURS | B120: =SUM(B116:B119) | C120: =SUM(C116:C119) | D120: =SUM(D116:D119)

Sheet Architect Notes

Sheet Gotcha Items

Sheet Assumptions Responsibilities
