Workbook
Name _Toc363478069: 'Gotcha Items'!$A$10
Name _Toc363478070: 'Gotcha Items'!$A$20
Name _Toc363478071: 'Gotcha Items'!$A$32
Name Milestone1: 'Phase Breakdown'!$B$6:$I$24
Name Milestone10: 'Phase Breakdown'!$K$95:$R$122
Name Milestone2: 'Phase Breakdown'!$K$6:$R$24
Name Milestone3: 'Phase Breakdown'!$B$26:$I$64
Name Milestone4: 'Phase Breakdown'!$K$26:$R$44
Name Milestone5: 'Phase Breakdown'!$B$46:$I$64
Name Milestone6: 'Phase Breakdown'!$K$46:$R$64
Name Milestone7: 'Phase Breakdown'!$B$66:$I$93
Name Milestone8: 'Phase Breakdown'!$K$66:$R$93
Name Milestone9: 'Phase Breakdown'!$B$95:$I$122

Sheet Summary
E1: General Services Delivery Worksheet | M1: Revision 2
B4: Reserve % | E4: Total Project Hours | F4: =IF(COUNT('Totals Sheet'!C15:C19)=5,SUM('Totals Sheet'!C15:C19),"") -> 70 | I4: Review the customer, project and assigned team. Phase tabs contain saved scope and reviewed phase hours. Task hours, engineering roles, overtime, reserve, travel and billing rates require explicit review; blank values are unknown. Prices and SKUs are not inferred from the example workbook. | M4: Rates pending | V4: BA/Dev/Arch | X4: PMgr
B5: Proj Oversight Hours | V5: SME | X5: PCoord
B6: Proj Oversight Role | M6: =V4 -> BA/Dev/Arch | N6: Not set | V6: Consulting Eng | X6: PSched
B7: Expenses | E7: Working Phase Hours | F7: =IF(ISNUMBER(F4),F4,"") -> 70 | M7: =V5 -> SME | V7: Associate Eng | X7: Travel
B8: Travel Expenses | M8: =V6 -> Consulting Eng
B9: Travel Hours | E9: Engineering Reserve Hours | M9: =V7 -> Associate Eng
B10: Work Location | M10: =X4 -> PMgr | V10: FP
B11: Client Name | C11: Sample Engagement Customer | E11: Total Project Oversight Hours | M11: =X5 -> PCoord | V11: T&M
B12: Project Name | C12: Sample Platform Modernization | M12: =X6 -> PSched
B13: Contract Type | C13: FP | E13: Project Oversight Reserve | M13: =X7 -> Travel
B14: AE | C14: Sample Account Executive | M14: After-hours allocations are separate from premium pricing.
B15: SA | C15: Sample Solution Architect | E15: Project List Price | V15: OT rates
B16: SAA | C16: Sample Inside Sales | V16: BA/Dev/Arch
B17: ConnectWise SELL Quote # | V17: SME
B18: US Signal MS Client | V18: Consulting Eng
B19: Attached to Hardware | E19: TRAVEL INPUT | V19: Associate Eng
B20: Attached to MRR Deal | E20: Airfare
B21: MRR Deal Quote # | E21: Lodging
E22: Per Diem | V22: Remote Only
B23: Project Context | E23: Car rental | V23: On Location Only
B24: Deliver the agreed project scope using the five delivery phases. | E24: Travel Time | V24: Combo
E25: Mileage

Sheet Phase Breakdown
B2: Phase Breakdown
B6: Plan - LABOR | K6: Design - LABOR | Z6: Total Hours
B7: Resource | C7: Review required | D7: OT | E7: Rsv Eng | H7: Labor List Price | K7: Resource | L7: Review required | M7: OT | N7: Rsv Eng | Q7: Labor List Price
B8: Role allocation pending | C8: =IF(ISNUMBER('Plan'!B100),'Plan'!B100,"") -> 12 | K8: Role allocation pending | L8: =IF(ISNUMBER('Design'!B100),'Design'!B100,"") -> 13
Z9: Total Hours - Reserve
B12: Travel Time | K12: Travel Time
B13: TOTAL LABOR | C13: =IF(ISNUMBER('Plan'!B100),'Plan'!B100,"") -> 12 | K13: TOTAL LABOR | L13: =IF(ISNUMBER('Design'!B100),'Design'!B100,"") -> 13
B14: Plan - TRAVEL | K14: Design - TRAVEL
B15: Resource | C15: Days Onsite | D15: # of Flights | E15: Rental Car | F15: # Miles | G15: Travel Hours | H15: Travel List Price | K15: Resource | L15: Days Onsite | M15: # of Flights | N15: Rental Car | O15: # Miles | P15: Travel Hours | Q15: Travel List Price
B20: TOTAL TRAVEL | K20: TOTAL TRAVEL
B21: Meetings | F21: Plan - GRAND TOTAL | O21: Design - GRAND TOTAL
B26: Implement - LABOR | K26: Validate - LABOR
B27: Resource | C27: Review required | D27: OT | E27: Rsv Eng | H27: Labor List Price | K27: Resource | L27: Review required | M27: OT | N27: Rsv Eng | Q27: Labor List Price
B28: Role allocation pending | C28: =IF(ISNUMBER('Implement'!B100),'Implement'!B100,"") -> 14 | K28: Role allocation pending | L28: =IF(ISNUMBER('Validate'!B100),'Validate'!B100,"") -> 15
B32: Travel Time | K32: Travel Time
B33: TOTAL LABOR | C33: =IF(ISNUMBER('Implement'!B100),'Implement'!B100,"") -> 14 | K33: TOTAL LABOR | L33: =IF(ISNUMBER('Validate'!B100),'Validate'!B100,"") -> 15
B34: Implement - TRAVEL | K34: Validate - TRAVEL
B35: Resource | C35: Days Onsite | D35: # of Flights | E35: Rental Car | F35: # Miles | G35: Travel Hours | H35: Travel List Price | K35: Resource | L35: Days Onsite | M35: # of Flights | N35: Rental Car | O35: # Miles | P35: Travel Hours | Q35: Travel List Price
B40: TOTAL TRAVEL | K40: TOTAL TRAVEL
F41: Implement - GRAND TOTAL | O41: Validate - GRAND TOTAL
B46: Release - LABOR
B47: Resource | C47: Review required | D47: OT | E47: Rsv Eng | H47: Labor List Price
B48: Role allocation pending | C48: =IF(ISNUMBER('Release'!B100),'Release'!B100,"") -> 16
B52: Travel Time
B53: TOTAL LABOR | C53: =IF(ISNUMBER('Release'!B100),'Release'!B100,"") -> 16
B54: Release - TRAVEL
B55: Resource | C55: Days Onsite | D55: # of Flights | E55: Rental Car | F55: # Miles | G55: Travel Hours | H55: Travel List Price
B60: TOTAL TRAVEL
F61: Release - GRAND TOTAL

Sheet Totals Sheet
A1: Project Totals
B3: RESOURCE ALLOCATION REQUIRES REVIEW
B4: Resource Role | C4: Reg Hours (Incl Reserve) | D4: Overtime Hours | E4: Regular TOTALS | F4: Overtime TOTALS | G4: Overall TOTALS
B5: BA/Dev/Arch
B6: SME
B7: Consulting Eng
B8: Associate Eng
B9: Travel Hours | D9: N/A | F9: N/A
B10: Meeting Hours | F10: N/A
B11: Working phase hours; review required | C11: =IF(COUNT(C15:C19)=5,SUM(C15:C19),"") -> 70
B14: PHASE BREAKOUT TOTALS | C14: Hours | D14: OT Hours | E14: Labor and Travel
B15: PLAN | C15: =IF(ISNUMBER('Plan'!B100),'Plan'!B100,"") -> 12
B16: DESIGN | C16: =IF(ISNUMBER('Design'!B100),'Design'!B100,"") -> 13
B17: IMPLEMENT | C17: =IF(ISNUMBER('Implement'!B100),'Implement'!B100,"") -> 14
B18: VALIDATE | C18: =IF(ISNUMBER('Validate'!B100),'Validate'!B100,"") -> 15
B19: RELEASE | C19: =IF(ISNUMBER('Release'!B100),'Release'!B100,"") -> 16
B20: TOTAL PROJECT LABOR
B23: INVOICING BREAKOUT TOTALS | C23: Hours | D23: OT Hours | E23: Labor and Travel
B24: PLAN, DESIGN, RELEASE | C24: =IF(COUNT(C15:C16,C19)=3,SUM(C15:C16,C19),"") -> 41
B25: IMPLEMENT, VALIDATE | C25: =IF(COUNT(C17:C18)=2,SUM(C17:C18),"") -> 29
B26: TOTAL PROJECT LABOR
B29: PRICING REQUIRES APPROVED RATES
B30: TOTAL LABOR
B31: TRAVEL EXPENSE
B32: PROJECT OVERSIGHT
B33: MISC EXPENSES
B34: TOTAL PROJECT

Sheet SELL SKUs
A1: ConnectWise SELL SKUs
C3: Hrs | D3: Sku | E3: Description
D4: Select approved SKUs in ConnectWise SELL
D5: No SKU, rate or price is inferred from the reference workbook.

Sheet Plan
A1: Task Name | B1: Regular Hours | C1: After-hours Hours | D1: Reserve Eng Hours | E1: Engineering Role | F1: Travel Required for Task? | G1: Notes
A2: Plan tasks | G2: Working estimate; task allocations require review.
A3: Task breakdown below; phase hours appear once.
A4: Plan reviewed phase total | B4: 12 | G4: Reviewed phase estimate; task allocation pending.
A5: Review the agreed plan requirements
A6: Complete the approved plan activities
A7: Record the plan configuration decisions
A100: Reviewed phase hours | B100: =SUM(B4:B99) -> 12
A101: REMOTE HOURS | B101: Eng Hours | C101: Eng OT Hours | D101: Eng Resv Hours
A102: =Summary!V4 -> BA/Dev/Arch
A103: =Summary!V5 -> SME
A104: =Summary!V6 -> Consulting Eng
A105: =Summary!V7 -> Associate Eng
A106: TOTAL REMOTE HOURS
A108: ONSITE HOURS (Requiring Travel) | E108: TOTALS
A109: =Summary!V4 -> BA/Dev/Arch | E109: =SUM(B109:D109) -> 0
A110: =Summary!V5 -> SME | E110: =SUM(B110:D110) -> 0
A111: =Summary!V6 -> Consulting Eng | E111: =SUM(B111:D111) -> 0
A112: =Summary!V7 -> Associate Eng | E112: =SUM(B112:D112) -> 0
A113: TOTAL ONSITE HOURS | E113: =SUM(E109:E112) -> 0
A115: TOTAL HOURS
A116: =Summary!V4 -> BA/Dev/Arch
A117: =Summary!V5 -> SME
A118: =Summary!V6 -> Consulting Eng
A119: =Summary!V7 -> Associate Eng
A120: TOTAL PHASE HOURS | B120: =SUM(B116:B119) -> 0 | C120: =SUM(C116:C119) -> 0 | D120: =SUM(D116:D119) -> 0

Sheet Design
A1: Task Name | B1: Regular Hours | C1: After-hours Hours | D1: Reserve Eng Hours | E1: Engineering Role | F1: Travel Required for Task? | G1: Notes
A2: Design tasks | G2: Working estimate; task allocations require review.
A3: Task breakdown below; phase hours appear once.
A4: Design reviewed phase total | B4: 13 | G4: Reviewed phase estimate; task allocation pending.
A5: Review the agreed design requirements
A6: Complete the approved design activities
A7: Record the design configuration decisions
A100: Reviewed phase hours | B100: =SUM(B4:B99) -> 13
A101: REMOTE HOURS | B101: Eng Hours | C101: Eng OT Hours | D101: Eng Resv Hours
A102: =Summary!V4 -> BA/Dev/Arch
A103: =Summary!V5 -> SME
A104: =Summary!V6 -> Consulting Eng
A105: =Summary!V7 -> Associate Eng
A106: TOTAL REMOTE HOURS
A108: ONSITE HOURS (Requiring Travel) | E108: TOTALS
A109: =Summary!V4 -> BA/Dev/Arch | E109: =SUM(B109:D109) -> 0
A110: =Summary!V5 -> SME | E110: =SUM(B110:D110) -> 0
A111: =Summary!V6 -> Consulting Eng | E111: =SUM(B111:D111) -> 0
A112: =Summary!V7 -> Associate Eng | E112: =SUM(B112:D112) -> 0
A113: TOTAL ONSITE HOURS | E113: =SUM(E109:E112) -> 0
A115: TOTAL HOURS
A116: =Summary!V4 -> BA/Dev/Arch
A117: =Summary!V5 -> SME
A118: =Summary!V6 -> Consulting Eng
A119: =Summary!V7 -> Associate Eng
A120: TOTAL PHASE HOURS | B120: =SUM(B116:B119) -> 0 | C120: =SUM(C116:C119) -> 0 | D120: =SUM(D116:D119) -> 0

Sheet Implement
A1: Task Name | B1: Regular Hours | C1: After-hours Hours | D1: Reserve Eng Hours | E1: Engineering Role | F1: Travel Required for Task? | G1: Notes
A2: Implement tasks | G2: Working estimate; task allocations require review.
A3: Task breakdown below; phase hours appear once.
A4: Implement reviewed phase total | B4: 14 | G4: Reviewed phase estimate; task allocation pending.
A5: Review the agreed implement requirements
A6: Complete the approved implement activities
A7: Record the implement configuration decisions
A100: Reviewed phase hours | B100: =SUM(B4:B99) -> 14
A101: REMOTE HOURS | B101: Eng Hours | C101: Eng OT Hours | D101: Eng Resv Hours
A102: =Summary!V4 -> BA/Dev/Arch
A103: =Summary!V5 -> SME
A104: =Summary!V6 -> Consulting Eng
A105: =Summary!V7 -> Associate Eng
A106: TOTAL REMOTE HOURS
A108: ONSITE HOURS (Requiring Travel) | E108: TOTALS
A109: =Summary!V4 -> BA/Dev/Arch | E109: =SUM(B109:D109) -> 0
A110: =Summary!V5 -> SME | E110: =SUM(B110:D110) -> 0
A111: =Summary!V6 -> Consulting Eng | E111: =SUM(B111:D111) -> 0
A112: =Summary!V7 -> Associate Eng | E112: =SUM(B112:D112) -> 0
A113: TOTAL ONSITE HOURS | E113: =SUM(E109:E112) -> 0
A115: TOTAL HOURS
A116: =Summary!V4 -> BA/Dev/Arch
A117: =Summary!V5 -> SME
A118: =Summary!V6 -> Consulting Eng
A119: =Summary!V7 -> Associate Eng
A120: TOTAL PHASE HOURS | B120: =SUM(B116:B119) -> 0 | C120: =SUM(C116:C119) -> 0 | D120: =SUM(D116:D119) -> 0

Sheet Validate
A1: Task Name | B1: Regular Hours | C1: After-hours Hours | D1: Reserve Eng Hours | E1: Engineering Role | F1: Travel Required for Task? | G1: Notes
A2: Validate tasks | G2: Working estimate; task allocations require review.
A3: Task breakdown below; phase hours appear once.
A4: Validate reviewed phase total | B4: 15 | G4: Reviewed phase estimate; task allocation pending.
A5: Review the agreed validate requirements
A6: Complete the approved validate activities
A7: Record the validate configuration decisions
A100: Reviewed phase hours | B100: =SUM(B4:B99) -> 15
A101: REMOTE HOURS | B101: Eng Hours | C101: Eng OT Hours | D101: Eng Resv Hours
A102: =Summary!V4 -> BA/Dev/Arch
A103: =Summary!V5 -> SME
A104: =Summary!V6 -> Consulting Eng
A105: =Summary!V7 -> Associate Eng
A106: TOTAL REMOTE HOURS
A108: ONSITE HOURS (Requiring Travel) | E108: TOTALS
A109: =Summary!V4 -> BA/Dev/Arch | E109: =SUM(B109:D109) -> 0
A110: =Summary!V5 -> SME | E110: =SUM(B110:D110) -> 0
A111: =Summary!V6 -> Consulting Eng | E111: =SUM(B111:D111) -> 0
A112: =Summary!V7 -> Associate Eng | E112: =SUM(B112:D112) -> 0
A113: TOTAL ONSITE HOURS | E113: =SUM(E109:E112) -> 0
A115: TOTAL HOURS
A116: =Summary!V4 -> BA/Dev/Arch
A117: =Summary!V5 -> SME
A118: =Summary!V6 -> Consulting Eng
A119: =Summary!V7 -> Associate Eng
A120: TOTAL PHASE HOURS | B120: =SUM(B116:B119) -> 0 | C120: =SUM(C116:C119) -> 0 | D120: =SUM(D116:D119) -> 0

Sheet Release
A1: Task Name | B1: Regular Hours | C1: After-hours Hours | D1: Reserve Eng Hours | E1: Engineering Role | F1: Travel Required for Task? | G1: Notes
A2: Release tasks | G2: Working estimate; task allocations require review.
A3: Task breakdown below; phase hours appear once.
A4: Release reviewed phase total | B4: 16 | G4: Reviewed phase estimate; task allocation pending.
A5: Review the agreed release requirements
A6: Complete the approved release activities
A7: Record the release configuration decisions
A100: Reviewed phase hours | B100: =SUM(B4:B99) -> 16
A101: REMOTE HOURS | B101: Eng Hours | C101: Eng OT Hours | D101: Eng Resv Hours
A102: =Summary!V4 -> BA/Dev/Arch
A103: =Summary!V5 -> SME
A104: =Summary!V6 -> Consulting Eng
A105: =Summary!V7 -> Associate Eng
A106: TOTAL REMOTE HOURS
A108: ONSITE HOURS (Requiring Travel) | E108: TOTALS
A109: =Summary!V4 -> BA/Dev/Arch | E109: =SUM(B109:D109) -> 0
A110: =Summary!V5 -> SME | E110: =SUM(B110:D110) -> 0
A111: =Summary!V6 -> Consulting Eng | E111: =SUM(B111:D111) -> 0
A112: =Summary!V7 -> Associate Eng | E112: =SUM(B112:D112) -> 0
A113: TOTAL ONSITE HOURS | E113: =SUM(E109:E112) -> 0
A115: TOTAL HOURS
A116: =Summary!V4 -> BA/Dev/Arch
A117: =Summary!V5 -> SME
A118: =Summary!V6 -> Consulting Eng
A119: =Summary!V7 -> Associate Eng
A120: TOTAL PHASE HOURS | B120: =SUM(B116:B119) -> 0 | C120: =SUM(C116:C119) -> 0 | D120: =SUM(D116:D119) -> 0

Sheet Architect Notes
A1: Architect Notes
A3: Estimate basis | B3: Task hours roll up to phase totals once, including regular and after-hours effort. Proposed allocations require SA review. Legacy phase-only estimates are identified separately. Engineering roles, premium rates, reserve, travel and prices are not inferred. Prices require approved commercial inputs.
A4: Plan objective | B4: Deliver the reviewed plan scope for the sample engagement.
A5: Plan estimate rationale | B5: Reviewed phase estimate; task allocation pending.
A6: Plan technical detail | B6: Record the plan configuration decisions
A7: Plan deliverable | B7: Reviewed plan delivery record
A8: Plan acceptance | B8: Customer reviews the documented plan results
A9: Plan validation | B9: Validate the plan outcome against the acceptance criteria
A10: Plan prerequisite | B10: Confirm the plan prerequisites are in place
A11: Design objective | B11: Deliver the reviewed design scope for the sample engagement.
A12: Design estimate rationale | B12: Reviewed phase estimate; task allocation pending.
A13: Design technical detail | B13: Record the design configuration decisions
A14: Design deliverable | B14: Reviewed design delivery record
... A38: Release prerequisite | B38: Confirm the release prerequisites are in place

Sheet Gotcha Items
A1: Risks and Open Questions
A3: Plan risk | B3: Schedule risk if the plan prerequisites are delayed
A4: Design risk | B4: Schedule risk if the design prerequisites are delayed
A5: Implement risk | B5: Schedule risk if the implement prerequisites are delayed
A6: Validate risk | B6: Schedule risk if the validate prerequisites are delayed
A7: Release risk | B7: Schedule risk if the release prerequisites are delayed

Sheet Assumptions Responsibilities
A1: Assumptions and Responsibilities
A3: Plan assumption | B3: Assumes the reviewed plan scope is unchanged
A4: Plan dependency | B4: Depends on completion of the prior-phase deliverables
A5: Plan US Signal responsibility | B5: Provide access and confirm the plan outcomes
A6: Plan customer responsibility | B6: Provide the agreed plan services and review the results
A7: Design assumption | B7: Assumes the reviewed design scope is unchanged
A8: Design dependency | B8: Depends on completion of the prior-phase deliverables
A9: Design US Signal responsibility | B9: Provide access and confirm the design outcomes
A10: Design customer responsibility | B10: Provide the agreed design services and review the results
A11: Implement assumption | B11: Assumes the reviewed implement scope is unchanged
A12: Implement dependency | B12: Depends on completion of the prior-phase deliverables
A13: Implement US Signal responsibility | B13: Provide access and confirm the implement outcomes
A14: Implement customer responsibility | B14: Provide the agreed implement services and review the results
... A22: Release customer responsibility | B22: Provide the agreed release services and review the results
